"Refs","Value","Footprint","Qty","DNP"
"C1","100uF","Capacitor_SMD:C_1206_3216Metric","1",""
"C2","1uF","Capacitor_SMD:C_0603_1608Metric","1",""
"C3","10uF","Capacitor_SMD:C_0603_1608Metric","1",""
"C4","0.1uF","Capacitor_SMD:C_0603_1608Metric","1",""
"C5","0.1uF","Capacitor_SMD:C_0603_1608Metric","1",""
"C6","0.1uF","Capacitor_SMD:C_0603_1608Metric","1",""
"C7","0.1uF","Capacitor_SMD:C_0603_1608Metric","1",""
"D1","SMAJ5.0A","Diode_SMD:D_SMA","1",""
"D2","RED","LED_SMD:LED_0603_1608Metric","1",""
"D3","ESDA6V1-5SC6","Package_TO_SOT_SMD:SOT-23-6","1",""
"D4","D","Diode_SMD:D_SOD-123","1",""
"D5","D","Diode_SMD:D_SOD-123","1",""
"D6","D","Diode_SMD:D_SOD-123","1",""
"D7","D","Diode_SMD:D_SOD-123","1",""
"F1","Fuse","Fuse:Fuse_1206_3216Metric","1",""
"J1","Conn_01x03","Connector_JST:JST_PH_B2B-PH-K_1x02_P2.00mm_Vertical","1",""
"J2","Conn_01x03","Connector_JST:JST_PH_B3B-PH-K_1x03_P2.00mm_Vertical","1",""
"J3","Conn_01x03","Connector_JST:JST_PH_B3B-PH-K_1x03_P2.00mm_Vertical","1",""
"J4","Conn_01x03","Connector_JST:JST_PH_B3B-PH-K_1x03_P2.00mm_Vertical","1",""
"J5","Conn_01x03","Connector_JST:JST_PH_B3B-PH-K_1x03_P2.00mm_Vertical","1",""
"J6","Conn_01x03","Connector_JST:JST_PH_B3B-PH-K_1x03_P2.00mm_Vertical","1",""
"J7","Conn_01x03","Connector_JST:JST_PH_B4B-PH-K_1x04_P2.00mm_Vertical","1",""
"J8","Conn_01x06","Connector_JST:JST_PH_B6B-PH-K_1x06_P2.00mm_Vertical","1",""
"J9","Conn_01x03","Connector_JST:JST_PH_B3B-PH-K_1x03_P2.00mm_Vertical","1",""
"J10","Conn_01x03","Connector_JST:JST_PH_B4B-PH-K_1x04_P2.00mm_Vertical","1",""
"J11","Conn_01x03","Connector_JST:JST_PH_B3B-PH-K_1x03_P2.00mm_Vertical","1",""
"J12","Conn_01x03","Connector_JST:JST_PH_B3B-PH-K_1x03_P2.00mm_Vertical","1",""
"J13","Conn_01x03","Connector_JST:JST_PH_B4B-PH-K_1x04_P2.00mm_Vertical","1",""
"J14","Conn_01x03","Connector_JST:JST_PH_B4B-PH-K_1x04_P2.00mm_Vertical","1",""
"J15","Conn_01x03","Connector_JST:JST_PH_B3B-PH-K_1x03_P2.00mm_Vertical","1",""
"J16","Conn_01x06","Connector_JST:JST_PH_B6B-PH-K_1x06_P2.00mm_Vertical","1",""
"Q1","BC817-40","Package_TO_SOT_SMD:SOT-23","1",""
"Q2","BC817-40","Package_TO_SOT_SMD:SOT-23","1",""
"Q3","BC817-40","Package_TO_SOT_SMD:SOT-23","1",""
"Q4","BC817-40","Package_TO_SOT_SMD:SOT-23","1",""
"Q5","BC817-40","Package_TO_SOT_SMD:SOT-23","1",""
"R1","4.7k","Resistor_SMD:R_0603_1608Metric","1",""
"R2","4.7k","Resistor_SMD:R_0603_1608Metric","1",""
"R3","4.7k","Resistor_SMD:R_0603_1608Metric","1",""
"R4","4.7k","Resistor_SMD:R_0603_1608Metric","1",""
"R5","4.7k","Resistor_SMD:R_0603_1608Metric","1",""
"R6","100","Resistor_SMD:R_0603_1608Metric","1",""
"R7","100","Resistor_SMD:R_0603_1608Metric","1",""
"R8","100","Resistor_SMD:R_0603_1608Metric","1",""
"R9","100","Resistor_SMD:R_0603_1608Metric","1",""
"R10","100","Resistor_SMD:R_0603_1608Metric","1",""
"R11","100","Resistor_SMD:R_0603_1608Metric","1",""
"R12","100","Resistor_SMD:R_0603_1608Metric","1",""
"R13","100","Resistor_SMD:R_0603_1608Metric","1",""
"R14","100","Resistor_SMD:R_0603_1608Metric","1",""
"R15","4.7k","Resistor_SMD:R_0603_1608Metric","1",""
"R16","4.7k","Resistor_SMD:R_0603_1608Metric","1",""
"R17","4.7k","Resistor_SMD:R_0603_1608Metric","1",""
"R18","4.7k","Resistor_SMD:R_0603_1608Metric","1",""
"R19","4.7k","Resistor_SMD:R_0603_1608Metric","1",""
"R20","4.7k","Resistor_SMD:R_0603_1608Metric","1",""
"R22","100","Resistor_SMD:R_0603_1608Metric","1",""
"R23","100","Resistor_SMD:R_0603_1608Metric","1",""
"R24","4.7k","Resistor_SMD:R_0603_1608Metric","1",""
"R25","4.7k","Resistor_SMD:R_0603_1608Metric","1",""
"R26","4.7k","Resistor_SMD:R_0603_1608Metric","1",""
"R27","4.7k","Resistor_SMD:R_0603_1608Metric","1",""
"R28","100","Resistor_SMD:R_0603_1608Metric","1",""
"R29","100","Resistor_SMD:R_0603_1608Metric","1",""
"R30","4.7k","Resistor_SMD:R_0603_1608Metric","1",""
"R31","4.7k","Resistor_SMD:R_0603_1608Metric","1",""
"U1","MCP1703Ax-120xxTT","Package_TO_SOT_SMD:SOT-23","1",""
"U2","STM32G070KBTx","Package_QFP:LQFP-32_7x7mm_P0.8mm","1",""
